first_name,last_name,email
Agathe,Werndley,awerndley0@ow.ly
Augustus,Lorrimer,alorrimer1@stumbleupon.com
Shaylah,Barock,sbarock2@networkadvertising.org
Fonz,Patty,fpatty3@typepad.com
Baldwin,Hussy,bhussy4@bloomberg.com
Tiffy,Hurich,thurich5@bandcamp.com
Jackelyn,Childrens,jchildrens6@blinklist.com
Nathanil,Collomosse,ncollomosse7@privacy.gov.au
Rockie,Draycott,rdraycott8@house.gov
Nessy,Colling,ncolling9@studiopress.com
Carmine,Clifford,cclifforda@imageshack.us
Janna,Yeell,jyeellb@forbes.com
Inglebert,Skylett,iskylettc@epa.gov
Jannelle,Gurko,jgurkod@pagesperso-orange.fr
Tiffy,Vasiliu,tvasiliue@whitehouse.gov
Bethina,McGillecole,bmcgillecolef@nifty.com
Sophi,Worsnip,sworsnipg@springer.com
Marguerite,Tappington,mtappingtonh@networkadvertising.org
Koo,Cool,kcooli@webmd.com
Vlad,Dimmer,vdimmerj@bluehost.com
Karissa,Houten,khoutenk@ibm.com
Holmes,Jadczak,hjadczakl@omniture.com
Klara,Dunbabin,kdunbabinm@gizmodo.com
Shandeigh,Vlies,svliesn@reddit.com
Jarvis,Dubock,jdubocko@theglobeandmail.com
Jeffie,Hardiker,jhardikerp@disqus.com
Weston,Grasner,wgrasnerq@vistaprint.com
Gusty,Flegg,gfleggr@histats.com
Ingra,Rickeard,irickeards@xinhuanet.com
Annadiane,Pealing,apealingt@census.gov
Lisa,Beardmore,lbeardmoreu@samsung.com
Juana,Churchyard,jchurchyardv@canalblog.com
Marysa,Crut,mcrutw@google.es
Micki,Tromans,mtromansx@youtube.com
Jourdain,Klauber,jklaubery@google.com.au
Whittaker,Norgate,wnorgatez@hhs.gov
Amii,Vearncombe,avearncombe10@pbs.org
Kat,Late,klate11@theguardian.com
Tabbie,Howton,thowton12@si.edu
Min,Gudger,mgudger13@ocn.ne.jp
Robbie,Winter,rwinter14@elpais.com
Matthus,Cremin,mcremin15@toplist.cz
Derry,Bore,dbore16@cmu.edu
Tyne,Belison,tbelison17@alibaba.com
Claiborne,Priddis,cpriddis18@cdc.gov
Shalom,Robotham,srobotham19@dedecms.com
Analise,Shinfield,ashinfield1a@arstechnica.com
Aleece,Pigeon,apigeon1b@sourceforge.net
Erny,Pea,epea1c@4shared.com
George,Melmore,gmelmore1d@businessinsider.com

